{
    "seo": {
        "keywords": [],
        "id": "-1",
        "__class": "YPHP\\SEOEntity"
    },
    "attributes": {
        "storage": [],
        "__class": "YPHP\\Storage\\AttributeStorage"
    },
    "childrens": {
        "storage": [],
        "__class": "YPHP\\Storage\\EntityStorage"
    },
    "parent": {
        "id": "-1",
        "__class": "YPHP\\Entity"
    },
    "name": "",
    "status": {
        "value": "NEUTRAL"
    },
    "note": "",
    "dateCreated": {
        "date": "2020-11-24 15:23:31.195695",
        "timezone_type": 3,
        "timezone": "UTC"
    },
    "ref": "",
    "id": "-1",
    "__class": "Ecomo\\Products\\TechProduct",
    "logo": {
        "id": "-1",
        "__class": "YPHP\\Model\\Media\\Image",
        "stream": null,
        "src": null,
        "alt": null,
        "width": null,
        "height": null,
        "thumb": null
    },
    "money": {
        "id": "-1",
        "__class": "Ecomo\\Money",
        "price": 0,
        "currency": "USD"
    },
    "oldMoney": {
        "id": "-1",
        "__class": "Ecomo\\Money",
        "price": 0,
        "currency": "USD"
    },
    "tax": {
        "id": "-1",
        "__class": "Ecomo\\Money",
        "price": 0,
        "currency": "USD"
    },
    "type": "",
    "category": {
        "childrens": {
            "storage": [],
            "__class": "YPHP\\Storage\\EntityStorage"
        },
        "parent": {
            "id": "-1",
            "__class": "YPHP\\Entity"
        },
        "name": "",
        "status": {
            "value": "NEUTRAL"
        },
        "note": "",
        "dateCreated": {
            "date": "2020-11-24 15:23:31.195755",
            "timezone_type": 3,
            "timezone": "UTC"
        },
        "ref": "",
        "id": "-1",
        "__class": "Ecomo\\Categorys\\Category",
        "logo": {
            "id": "-1",
            "__class": "YPHP\\Model\\Media\\Image",
            "stream": null,
            "src": null,
            "alt": null,
            "width": null,
            "height": null,
            "thumb": null
        },
        "slug": "",
        "products": {
            "storage": [],
            "__class": "Ecomo\\Products\\Storage\\ProductStorage"
        }
    },
    "slug": "",
    "availableForPurchase": false,
    "variants": {
        "storage": [],
        "__class": "Ecomo\\Products\\Storage\\ProductStorage"
    },
    "installment": 0,
    "promo": null,
    "discount": null,
    "isNew": null,
    "isFeature": false,
    "untraImage": null,
    "innerImage": null,
    "description": "",
    "script": "",
    "ratings": {
        "storage": [],
        "__class": "Societymo\\Storage\\RatingStorage"
    },
    "compares": {
        "storage": [],
        "__class": "Ecomo\\Products\\Storage\\ProductSocietyStorage"
    },
    "ratingAverage": null,
    "ratingCount": null,
    "communication": {
        "id": "5fbd256e2744b",
        "__class": "Societymo\\Communication",
        "comments": {
            "storage": [
                {
                    "content": " Sài j7 pro đổi lại bù thêm bao nhiêu vậy ạ ? Cảm ơn ạ",
                    "isReply": false,
                    "userOwn": {
                        "username": "",
                        "password": "",
                        "email": "",
                        "phone": "",
                        "avatar": {
                            "id": "-1",
                            "__class": "YPHP\\Model\\Media\\Image",
                            "stream": null,
                            "src": null,
                            "alt": null,
                            "width": null,
                            "height": null,
                            "thumb": null
                        },
                        "permission": {
                            "codes": {
                                "storage": [],
                                "__class": "Identimo\\Storage\\PermissionCodeStorage"
                            },
                            "childrens": {
                                "storage": [],
                                "__class": "Identimo\\Storage\\PermissionStorage"
                            },
                            "parent": null,
                            "name": "",
                            "status": {
                                "value": "NEUTRAL"
                            },
                            "note": "",
                            "dateCreated": {
                                "date": "2020-11-24 15:23:31.195824",
                                "timezone_type": 3,
                                "timezone": "UTC"
                            },
                            "ref": "",
                            "id": "-1",
                            "__class": "Identimo\\Permission"
                        },
                        "aclRole": null,
                        "rbacRole": null,
                        "childrens": {
                            "storage": [],
                            "__class": "YPHP\\Storage\\EntityStorage"
                        },
                        "parent": {
                            "id": "-1",
                            "__class": "YPHP\\Entity"
                        },
                        "name": "Hồng Thị Thúy Hoà",
                        "status": {
                            "value": "NEUTRAL"
                        },
                        "note": "",
                        "dateCreated": {
                            "date": "2020-11-24 15:23:31.195813",
                            "timezone_type": 3,
                            "timezone": "UTC"
                        },
                        "ref": "",
                        "id": "5fbd256e297f8",
                        "__class": "Identimo\\User"
                    },
                    "like": 0,
                    "unLike": 0,
                    "replys": null,
                    "childrens": {
                        "storage": [
                            {
                                "content": "Chào chị,<br \/>Dạ bên em thu lại máy với tình trạng Màn hình đẹp hoạt động tốt và không bị vỡ, giá thu lại khoảng 800.000₫ cần bù 8.690.000₫ chị nha, chị vui lòng mang sản phẩm ghé siêu thị gần nhất để bên em kiểm tra và hỗ trợ mình ạ<br \/>Chia sẻ cùng chị.",
                                "isReply": false,
                                "userOwn": {
                                    "username": "",
                                    "password": "",
                                    "email": "",
                                    "phone": "",
                                    "avatar": {
                                        "id": "-1",
                                        "__class": "YPHP\\Model\\Media\\Image",
                                        "stream": null,
                                        "src": null,
                                        "alt": null,
                                        "width": null,
                                        "height": null,
                                        "thumb": null
                                    },
                                    "permission": {
                                        "codes": {
                                            "storage": [],
                                            "__class": "Identimo\\Storage\\PermissionCodeStorage"
                                        },
                                        "childrens": {
                                            "storage": [],
                                            "__class": "Identimo\\Storage\\PermissionStorage"
                                        },
                                        "parent": null,
                                        "name": "",
                                        "status": {
                                            "value": "NEUTRAL"
                                        },
                                        "note": "",
                                        "dateCreated": {
                                            "date": "2020-11-24 15:23:31.195875",
                                            "timezone_type": 3,
                                            "timezone": "UTC"
                                        },
                                        "ref": "",
                                        "id": "-1",
                                        "__class": "Identimo\\Permission"
                                    },
                                    "aclRole": {},
                                    "rbacRole": null,
                                    "childrens": {
                                        "storage": [],
                                        "__class": "YPHP\\Storage\\EntityStorage"
                                    },
                                    "parent": {
                                        "id": "-1",
                                        "__class": "YPHP\\Entity"
                                    },
                                    "name": "Nguyễn Tấn Phong",
                                    "status": {
                                        "value": "NEUTRAL"
                                    },
                                    "note": "",
                                    "dateCreated": {
                                        "date": "2020-11-24 15:23:31.195866",
                                        "timezone_type": 3,
                                        "timezone": "UTC"
                                    },
                                    "ref": "",
                                    "id": "5fbd256e299ec",
                                    "__class": "Identimo\\Staff"
                                },
                                "like": 0,
                                "unLike": 0,
                                "replys": null,
                                "childrens": {
                                    "storage": [],
                                    "__class": "YPHP\\Storage\\EntityStorage"
                                },
                                "parent": {
                                    "id": "-1",
                                    "__class": "YPHP\\Entity"
                                },
                                "name": "",
                                "status": {
                                    "value": "NEUTRAL"
                                },
                                "note": "",
                                "dateCreated": {
                                    "date": "2020-11-24 15:23:31.195855",
                                    "timezone_type": 3,
                                    "timezone": "UTC"
                                },
                                "ref": "",
                                "id": "44276317",
                                "__class": "Societymo\\Comment"
                            }
                        ],
                        "__class": "YPHP\\Storage\\EntityStorage"
                    },
                    "parent": {
                        "id": "-1",
                        "__class": "YPHP\\Entity"
                    },
                    "name": "",
                    "status": {
                        "value": "NEUTRAL"
                    },
                    "note": "",
                    "dateCreated": {
                        "date": "2020-11-24 15:23:31.195777",
                        "timezone_type": 3,
                        "timezone": "UTC"
                    },
                    "ref": "",
                    "id": "44276309",
                    "__class": "Societymo\\Comment"
                },
                {
                    "content": " Mình đang sài a 50s đổi bù bao nhiêu. Dt còn 1 tháng bảo hành",
                    "isReply": false,
                    "userOwn": {
                        "username": "",
                        "password": "",
                        "email": "",
                        "phone": "",
                        "avatar": {
                            "id": "-1",
                            "__class": "YPHP\\Model\\Media\\Image",
                            "stream": null,
                            "src": null,
                            "alt": null,
                            "width": null,
                            "height": null,
                            "thumb": null
                        },
                        "permission": {
                            "codes": {
                                "storage": [],
                                "__class": "Identimo\\Storage\\PermissionCodeStorage"
                            },
                            "childrens": {
                                "storage": [],
                                "__class": "Identimo\\Storage\\PermissionStorage"
                            },
                            "parent": null,
                            "name": "",
                            "status": {
                                "value": "NEUTRAL"
                            },
                            "note": "",
                            "dateCreated": {
                                "date": "2020-11-24 15:23:31.195911",
                                "timezone_type": 3,
                                "timezone": "UTC"
                            },
                            "ref": "",
                            "id": "-1",
                            "__class": "Identimo\\Permission"
                        },
                        "aclRole": null,
                        "rbacRole": null,
                        "childrens": {
                            "storage": [],
                            "__class": "YPHP\\Storage\\EntityStorage"
                        },
                        "parent": {
                            "id": "-1",
                            "__class": "YPHP\\Entity"
                        },
                        "name": "Lê Hoa Nam",
                        "status": {
                            "value": "NEUTRAL"
                        },
                        "note": "",
                        "dateCreated": {
                            "date": "2020-11-24 15:23:31.195902",
                            "timezone_type": 3,
                            "timezone": "UTC"
                        },
                        "ref": "",
                        "id": "5fbd256e29cf0",
                        "__class": "Identimo\\User"
                    },
                    "like": 0,
                    "unLike": 0,
                    "replys": null,
                    "childrens": {
                        "storage": [
                            {
                                "content": "Chào anh,<br \/>Dạ bên em thu lại máy với tình trạng Màn hình đẹp hoạt động tốt và không bị vỡ, giá thu lại khoảng 3.200.000₫ cần bù 6.290.000₫ anh nha, anh vui lòng mang sản phẩm ghé siêu thị gần nhất để bên em kiểm tra và hỗ trợ mình ạ<br \/>Chia sẻ cùng anh.",
                                "isReply": false,
                                "userOwn": {
                                    "username": "",
                                    "password": "",
                                    "email": "",
                                    "phone": "",
                                    "avatar": {
                                        "id": "-1",
                                        "__class": "YPHP\\Model\\Media\\Image",
                                        "stream": null,
                                        "src": null,
                                        "alt": null,
                                        "width": null,
                                        "height": null,
                                        "thumb": null
                                    },
                                    "permission": {
                                        "codes": {
                                            "storage": [],
                                            "__class": "Identimo\\Storage\\PermissionCodeStorage"
                                        },
                                        "childrens": {
                                            "storage": [],
                                            "__class": "Identimo\\Storage\\PermissionStorage"
                                        },
                                        "parent": null,
                                        "name": "",
                                        "status": {
                                            "value": "NEUTRAL"
                                        },
                                        "note": "",
                                        "dateCreated": {
                                            "date": "2020-11-24 15:23:31.195943",
                                            "timezone_type": 3,
                                            "timezone": "UTC"
                                        },
                                        "ref": "",
                                        "id": "-1",
                                        "__class": "Identimo\\Permission"
                                    },
                                    "aclRole": {},
                                    "rbacRole": null,
                                    "childrens": {
                                        "storage": [],
                                        "__class": "YPHP\\Storage\\EntityStorage"
                                    },
                                    "parent": {
                                        "id": "-1",
                                        "__class": "YPHP\\Entity"
                                    },
                                    "name": "Nguyễn Tấn Phong",
                                    "status": {
                                        "value": "NEUTRAL"
                                    },
                                    "note": "",
                                    "dateCreated": {
                                        "date": "2020-11-24 15:23:31.195934",
                                        "timezone_type": 3,
                                        "timezone": "UTC"
                                    },
                                    "ref": "",
                                    "id": "5fbd256e29eda",
                                    "__class": "Identimo\\Staff"
                                },
                                "like": 0,
                                "unLike": 0,
                                "replys": null,
                                "childrens": {
                                    "storage": [],
                                    "__class": "YPHP\\Storage\\EntityStorage"
                                },
                                "parent": {
                                    "id": "-1",
                                    "__class": "YPHP\\Entity"
                                },
                                "name": "",
                                "status": {
                                    "value": "NEUTRAL"
                                },
                                "note": "",
                                "dateCreated": {
                                    "date": "2020-11-24 15:23:31.195924",
                                    "timezone_type": 3,
                                    "timezone": "UTC"
                                },
                                "ref": "",
                                "id": "44275804",
                                "__class": "Societymo\\Comment"
                            }
                        ],
                        "__class": "YPHP\\Storage\\EntityStorage"
                    },
                    "parent": {
                        "id": "-1",
                        "__class": "YPHP\\Entity"
                    },
                    "name": "",
                    "status": {
                        "value": "NEUTRAL"
                    },
                    "note": "",
                    "dateCreated": {
                        "date": "2020-11-24 15:23:31.195893",
                        "timezone_type": 3,
                        "timezone": "UTC"
                    },
                    "ref": "",
                    "id": "44275779",
                    "__class": "Societymo\\Comment"
                },
                {
                    "content": " Minh dang dung con A51, gio muon doi qua M51 thi bu bao nhieu",
                    "isReply": false,
                    "userOwn": {
                        "username": "",
                        "password": "",
                        "email": "",
                        "phone": "",
                        "avatar": {
                            "id": "-1",
                            "__class": "YPHP\\Model\\Media\\Image",
                            "stream": null,
                            "src": null,
                            "alt": null,
                            "width": null,
                            "height": null,
                            "thumb": null
                        },
                        "permission": {
                            "codes": {
                                "storage": [],
                                "__class": "Identimo\\Storage\\PermissionCodeStorage"
                            },
                            "childrens": {
                                "storage": [],
                                "__class": "Identimo\\Storage\\PermissionStorage"
                            },
                            "parent": null,
                            "name": "",
                            "status": {
                                "value": "NEUTRAL"
                            },
                            "note": "",
                            "dateCreated": {
                                "date": "2020-11-24 15:23:31.195978",
                                "timezone_type": 3,
                                "timezone": "UTC"
                            },
                            "ref": "",
                            "id": "-1",
                            "__class": "Identimo\\Permission"
                        },
                        "aclRole": null,
                        "rbacRole": null,
                        "childrens": {
                            "storage": [],
                            "__class": "YPHP\\Storage\\EntityStorage"
                        },
                        "parent": {
                            "id": "-1",
                            "__class": "YPHP\\Entity"
                        },
                        "name": "Trong Bang",
                        "status": {
                            "value": "NEUTRAL"
                        },
                        "note": "",
                        "dateCreated": {
                            "date": "2020-11-24 15:23:31.195969",
                            "timezone_type": 3,
                            "timezone": "UTC"
                        },
                        "ref": "",
                        "id": "5fbd256e2a285",
                        "__class": "Identimo\\User"
                    },
                    "like": 0,
                    "unLike": 0,
                    "replys": null,
                    "childrens": {
                        "storage": [
                            {
                                "content": "<div class=\"conticon\"><div class=\"content_s\"> Chào anh,<br \/>Dạ bên em thu lại máy với tình trạng Màn hình đẹp hoạt động tốt và không bị vỡ, giá thu lại khoảng 4.500.000₫ (bản 6GB) cần bù 4.990.000₫ anh nha. Nếu sản phẩm mình mua mới tại Thegioididong.com hoặc Dienmayxanh.com, còn bảo hành, không bị trầy xước cấn móp, ngấm chất lỏng, còn giữ nguyên tình trạng ban đầu, không bị lỗi do người dùng, còn đủ phụ kiện và khuyến mãi kèm theo thì bên em có chính sách thu mua với giá 80% giá sản phẩm trên hóa đơn (trong tháng đầu tiên, các tháng sau mỗi... <span class=\"seeMore\" onclick=\"expandCmtChild(44275572);\">Xem tiếp ▾ <\/span><\/div><\/div><div class=\"content hide\">Chào anh,<br \/>Dạ bên em thu lại máy với tình trạng Màn hình đẹp hoạt động tốt và không bị vỡ, giá thu lại khoảng 4.500.000₫ (bản 6GB) cần bù 4.990.000₫ anh nha. Nếu sản phẩm mình mua mới tại Thegioididong.com hoặc Dienmayxanh.com, còn bảo hành, không bị trầy xước cấn móp, ngấm chất lỏng, còn giữ nguyên tình trạng ban đầu, không bị lỗi do người dùng, còn đủ phụ kiện và khuyến mãi kèm theo thì bên em có chính sách thu mua với giá 80% giá sản phẩm trên hóa đơn (trong tháng đầu tiên, các tháng sau mỗi tháng cộng thêm 5% phí) anh nhé, anh có thể vui lòng cung cấp số điện thoại mua hàng sản phẩm (không che số) để bên em hỗ trợ kiểm tra giúp anh nha<br \/>Mong nhận phản hồi từ anh.<\/div>",
                                "isReply": false,
                                "userOwn": {
                                    "username": "",
                                    "password": "",
                                    "email": "",
                                    "phone": "",
                                    "avatar": {
                                        "id": "-1",
                                        "__class": "YPHP\\Model\\Media\\Image",
                                        "stream": null,
                                        "src": null,
                                        "alt": null,
                                        "width": null,
                                        "height": null,
                                        "thumb": null
                                    },
                                    "permission": {
                                        "codes": {
                                            "storage": [],
                                            "__class": "Identimo\\Storage\\PermissionCodeStorage"
                                        },
                                        "childrens": {
                                            "storage": [],
                                            "__class": "Identimo\\Storage\\PermissionStorage"
                                        },
                                        "parent": null,
                                        "name": "",
                                        "status": {
                                            "value": "NEUTRAL"
                                        },
                                        "note": "",
                                        "dateCreated": {
                                            "date": "2020-11-24 15:23:31.196044",
                                            "timezone_type": 3,
                                            "timezone": "UTC"
                                        },
                                        "ref": "",
                                        "id": "-1",
                                        "__class": "Identimo\\Permission"
                                    },
                                    "aclRole": {},
                                    "rbacRole": null,
                                    "childrens": {
                                        "storage": [],
                                        "__class": "YPHP\\Storage\\EntityStorage"
                                    },
                                    "parent": {
                                        "id": "-1",
                                        "__class": "YPHP\\Entity"
                                    },
                                    "name": "Nguyễn Tấn Phong",
                                    "status": {
                                        "value": "NEUTRAL"
                                    },
                                    "note": "",
                                    "dateCreated": {
                                        "date": "2020-11-24 15:23:31.196007",
                                        "timezone_type": 3,
                                        "timezone": "UTC"
                                    },
                                    "ref": "",
                                    "id": "5fbd256e2a4d4",
                                    "__class": "Identimo\\Staff"
                                },
                                "like": 0,
                                "unLike": 0,
                                "replys": null,
                                "childrens": {
                                    "storage": [],
                                    "__class": "YPHP\\Storage\\EntityStorage"
                                },
                                "parent": {
                                    "id": "-1",
                                    "__class": "YPHP\\Entity"
                                },
                                "name": "",
                                "status": {
                                    "value": "NEUTRAL"
                                },
                                "note": "",
                                "dateCreated": {
                                    "date": "2020-11-24 15:23:31.195990",
                                    "timezone_type": 3,
                                    "timezone": "UTC"
                                },
                                "ref": "",
                                "id": "44275572",
                                "__class": "Societymo\\Comment"
                            }
                        ],
                        "__class": "YPHP\\Storage\\EntityStorage"
                    },
                    "parent": {
                        "id": "-1",
                        "__class": "YPHP\\Entity"
                    },
                    "name": "",
                    "status": {
                        "value": "NEUTRAL"
                    },
                    "note": "",
                    "dateCreated": {
                        "date": "2020-11-24 15:23:31.195960",
                        "timezone_type": 3,
                        "timezone": "UTC"
                    },
                    "ref": "",
                    "id": "44275540",
                    "__class": "Societymo\\Comment"
                },
                {
                    "content": " Co ôp lưng M51 chua shop",
                    "isReply": false,
                    "userOwn": {
                        "username": "",
                        "password": "",
                        "email": "",
                        "phone": "",
                        "avatar": {
                            "id": "-1",
                            "__class": "YPHP\\Model\\Media\\Image",
                            "stream": null,
                            "src": null,
                            "alt": null,
                            "width": null,
                            "height": null,
                            "thumb": null
                        },
                        "permission": {
                            "codes": {
                                "storage": [],
                                "__class": "Identimo\\Storage\\PermissionCodeStorage"
                            },
                            "childrens": {
                                "storage": [],
                                "__class": "Identimo\\Storage\\PermissionStorage"
                            },
                            "parent": null,
                            "name": "",
                            "status": {
                                "value": "NEUTRAL"
                            },
                            "note": "",
                            "dateCreated": {
                                "date": "2020-11-24 15:23:31.196091",
                                "timezone_type": 3,
                                "timezone": "UTC"
                            },
                            "ref": "",
                            "id": "-1",
                            "__class": "Identimo\\Permission"
                        },
                        "aclRole": null,
                        "rbacRole": null,
                        "childrens": {
                            "storage": [],
                            "__class": "YPHP\\Storage\\EntityStorage"
                        },
                        "parent": {
                            "id": "-1",
                            "__class": "YPHP\\Entity"
                        },
                        "name": "Phuc",
                        "status": {
                            "value": "NEUTRAL"
                        },
                        "note": "",
                        "dateCreated": {
                            "date": "2020-11-24 15:23:31.196082",
                            "timezone_type": 3,
                            "timezone": "UTC"
                        },
                        "ref": "",
                        "id": "5fbd256e2a878",
                        "__class": "Identimo\\User"
                    },
                    "like": 0,
                    "unLike": 0,
                    "replys": null,
                    "childrens": {
                        "storage": [
                            {
                                "content": "Chào anh,<br \/>Hiện bên em chưa có hàng ốp lưng cho máy này ạ, nếu quan tâm anh có thể thường xuyên truy cập website để cập nhật thông tin giúp em nhé.<br \/>Chia sẻ cùng anh.",
                                "isReply": false,
                                "userOwn": {
                                    "username": "",
                                    "password": "",
                                    "email": "",
                                    "phone": "",
                                    "avatar": {
                                        "id": "-1",
                                        "__class": "YPHP\\Model\\Media\\Image",
                                        "stream": null,
                                        "src": null,
                                        "alt": null,
                                        "width": null,
                                        "height": null,
                                        "thumb": null
                                    },
                                    "permission": {
                                        "codes": {
                                            "storage": [],
                                            "__class": "Identimo\\Storage\\PermissionCodeStorage"
                                        },
                                        "childrens": {
                                            "storage": [],
                                            "__class": "Identimo\\Storage\\PermissionStorage"
                                        },
                                        "parent": null,
                                        "name": "",
                                        "status": {
                                            "value": "NEUTRAL"
                                        },
                                        "note": "",
                                        "dateCreated": {
                                            "date": "2020-11-24 15:23:31.196123",
                                            "timezone_type": 3,
                                            "timezone": "UTC"
                                        },
                                        "ref": "",
                                        "id": "-1",
                                        "__class": "Identimo\\Permission"
                                    },
                                    "aclRole": {},
                                    "rbacRole": null,
                                    "childrens": {
                                        "storage": [],
                                        "__class": "YPHP\\Storage\\EntityStorage"
                                    },
                                    "parent": {
                                        "id": "-1",
                                        "__class": "YPHP\\Entity"
                                    },
                                    "name": "Nguyễn Tấn Phong",
                                    "status": {
                                        "value": "NEUTRAL"
                                    },
                                    "note": "",
                                    "dateCreated": {
                                        "date": "2020-11-24 15:23:31.196114",
                                        "timezone_type": 3,
                                        "timezone": "UTC"
                                    },
                                    "ref": "",
                                    "id": "5fbd256e2aad5",
                                    "__class": "Identimo\\Staff"
                                },
                                "like": 0,
                                "unLike": 0,
                                "replys": null,
                                "childrens": {
                                    "storage": [],
                                    "__class": "YPHP\\Storage\\EntityStorage"
                                },
                                "parent": {
                                    "id": "-1",
                                    "__class": "YPHP\\Entity"
                                },
                                "name": "",
                                "status": {
                                    "value": "NEUTRAL"
                                },
                                "note": "",
                                "dateCreated": {
                                    "date": "2020-11-24 15:23:31.196105",
                                    "timezone_type": 3,
                                    "timezone": "UTC"
                                },
                                "ref": "",
                                "id": "44275622",
                                "__class": "Societymo\\Comment"
                            }
                        ],
                        "__class": "YPHP\\Storage\\EntityStorage"
                    },
                    "parent": {
                        "id": "-1",
                        "__class": "YPHP\\Entity"
                    },
                    "name": "",
                    "status": {
                        "value": "NEUTRAL"
                    },
                    "note": "",
                    "dateCreated": {
                        "date": "2020-11-24 15:23:31.196074",
                        "timezone_type": 3,
                        "timezone": "UTC"
                    },
                    "ref": "",
                    "id": "44275400",
                    "__class": "Societymo\\Comment"
                },
                {
                    "content": " samsung m51 minh moi mua duoc 14ngay gio minh muon doi may khac co bu tien hay khong",
                    "isReply": false,
                    "userOwn": {
                        "username": "",
                        "password": "",
                        "email": "",
                        "phone": "",
                        "avatar": {
                            "id": "-1",
                            "__class": "YPHP\\Model\\Media\\Image",
                            "stream": null,
                            "src": null,
                            "alt": null,
                            "width": null,
                            "height": null,
                            "thumb": null
                        },
                        "permission": {
                            "codes": {
                                "storage": [],
                                "__class": "Identimo\\Storage\\PermissionCodeStorage"
                            },
                            "childrens": {
                                "storage": [],
                                "__class": "Identimo\\Storage\\PermissionStorage"
                            },
                            "parent": null,
                            "name": "",
                            "status": {
                                "value": "NEUTRAL"
                            },
                            "note": "",
                            "dateCreated": {
                                "date": "2020-11-24 15:23:31.196155",
                                "timezone_type": 3,
                                "timezone": "UTC"
                            },
                            "ref": "",
                            "id": "-1",
                            "__class": "Identimo\\Permission"
                        },
                        "aclRole": null,
                        "rbacRole": null,
                        "childrens": {
                            "storage": [],
                            "__class": "YPHP\\Storage\\EntityStorage"
                        },
                        "parent": {
                            "id": "-1",
                            "__class": "YPHP\\Entity"
                        },
                        "name": "Thanh Tam",
                        "status": {
                            "value": "NEUTRAL"
                        },
                        "note": "",
                        "dateCreated": {
                            "date": "2020-11-24 15:23:31.196146",
                            "timezone_type": 3,
                            "timezone": "UTC"
                        },
                        "ref": "",
                        "id": "5fbd256e2aea5",
                        "__class": "Identimo\\User"
                    },
                    "like": 0,
                    "unLike": 0,
                    "replys": null,
                    "childrens": {
                        "storage": [
                            {
                                "content": "<div class=\"conticon\"><div class=\"content_s\"> Chào anh,<br \/>Nếu sản phẩm mình mua mới tại Thegioididong.com hoặc Dienmayxanh.com, còn bảo hành, không bị trầy xước cấn móp, ngấm chất lỏng, còn giữ nguyên tình trạng ban đầu, không bị lỗi do người dùng, còn đủ phụ kiện và khuyến mãi kèm theo thì bên em có chính sách thu mua với giá 80% giá sản phẩm trên hóa đơn (trong tháng đầu tiên, các tháng sau mỗi tháng cộng thêm 5% phí) anh nha, anh có thể vui lòng cung cấp số điện thoại mua hàng sản phẩm (không che số) để bên em hỗ trợ kiểm tra giúp anh... <span class=\"seeMore\" onclick=\"expandCmtChild(44275432);\">Xem tiếp ▾ <\/span><\/div><\/div><div class=\"content hide\">Chào anh,<br \/>Nếu sản phẩm mình mua mới tại Thegioididong.com hoặc Dienmayxanh.com, còn bảo hành, không bị trầy xước cấn móp, ngấm chất lỏng, còn giữ nguyên tình trạng ban đầu, không bị lỗi do người dùng, còn đủ phụ kiện và khuyến mãi kèm theo thì bên em có chính sách thu mua với giá 80% giá sản phẩm trên hóa đơn (trong tháng đầu tiên, các tháng sau mỗi tháng cộng thêm 5% phí) anh nha, anh có thể vui lòng cung cấp số điện thoại mua hàng sản phẩm (không che số) để bên em hỗ trợ kiểm tra giúp anh nha<br \/>Mong nhận phản hồi từ anh.<\/div>",
                                "isReply": false,
                                "userOwn": {
                                    "username": "",
                                    "password": "",
                                    "email": "",
                                    "phone": "",
                                    "avatar": {
                                        "id": "-1",
                                        "__class": "YPHP\\Model\\Media\\Image",
                                        "stream": null,
                                        "src": null,
                                        "alt": null,
                                        "width": null,
                                        "height": null,
                                        "thumb": null
                                    },
                                    "permission": {
                                        "codes": {
                                            "storage": [],
                                            "__class": "Identimo\\Storage\\PermissionCodeStorage"
                                        },
                                        "childrens": {
                                            "storage": [],
                                            "__class": "Identimo\\Storage\\PermissionStorage"
                                        },
                                        "parent": null,
                                        "name": "",
                                        "status": {
                                            "value": "NEUTRAL"
                                        },
                                        "note": "",
                                        "dateCreated": {
                                            "date": "2020-11-24 15:23:31.196191",
                                            "timezone_type": 3,
                                            "timezone": "UTC"
                                        },
                                        "ref": "",
                                        "id": "-1",
                                        "__class": "Identimo\\Permission"
                                    },
                                    "aclRole": {},
                                    "rbacRole": null,
                                    "childrens": {
                                        "storage": [],
                                        "__class": "YPHP\\Storage\\EntityStorage"
                                    },
                                    "parent": {
                                        "id": "-1",
                                        "__class": "YPHP\\Entity"
                                    },
                                    "name": "Nguyễn Tấn Phong",
                                    "status": {
                                        "value": "NEUTRAL"
                                    },
                                    "note": "",
                                    "dateCreated": {
                                        "date": "2020-11-24 15:23:31.196182",
                                        "timezone_type": 3,
                                        "timezone": "UTC"
                                    },
                                    "ref": "",
                                    "id": "5fbd256e2b0e9",
                                    "__class": "Identimo\\Staff"
                                },
                                "like": 0,
                                "unLike": 0,
                                "replys": null,
                                "childrens": {
                                    "storage": [],
                                    "__class": "YPHP\\Storage\\EntityStorage"
                                },
                                "parent": {
                                    "id": "-1",
                                    "__class": "YPHP\\Entity"
                                },
                                "name": "",
                                "status": {
                                    "value": "NEUTRAL"
                                },
                                "note": "",
                                "dateCreated": {
                                    "date": "2020-11-24 15:23:31.196167",
                                    "timezone_type": 3,
                                    "timezone": "UTC"
                                },
                                "ref": "",
                                "id": "44275432",
                                "__class": "Societymo\\Comment"
                            }
                        ],
                        "__class": "YPHP\\Storage\\EntityStorage"
                    },
                    "parent": {
                        "id": "-1",
                        "__class": "YPHP\\Entity"
                    },
                    "name": "",
                    "status": {
                        "value": "NEUTRAL"
                    },
                    "note": "",
                    "dateCreated": {
                        "date": "2020-11-24 15:23:31.196139",
                        "timezone_type": 3,
                        "timezone": "UTC"
                    },
                    "ref": "",
                    "id": "44275395",
                    "__class": "Societymo\\Comment"
                },
                {
                    "content": " mình đang dùng a71 muốn đổi sang m51 thì cap thêm bao nhiêu vậy , máy mới mua đc 2 tháng",
                    "isReply": false,
                    "userOwn": {
                        "username": "",
                        "password": "",
                        "email": "",
                        "phone": "",
                        "avatar": {
                            "id": "-1",
                            "__class": "YPHP\\Model\\Media\\Image",
                            "stream": null,
                            "src": null,
                            "alt": null,
                            "width": null,
                            "height": null,
                            "thumb": null
                        },
                        "permission": {
                            "codes": {
                                "storage": [],
                                "__class": "Identimo\\Storage\\PermissionCodeStorage"
                            },
                            "childrens": {
                                "storage": [],
                                "__class": "Identimo\\Storage\\PermissionStorage"
                            },
                            "parent": null,
                            "name": "",
                            "status": {
                                "value": "NEUTRAL"
                            },
                            "note": "",
                            "dateCreated": {
                                "date": "2020-11-24 15:23:31.196224",
                                "timezone_type": 3,
                                "timezone": "UTC"
                            },
                            "ref": "",
                            "id": "-1",
                            "__class": "Identimo\\Permission"
                        },
                        "aclRole": null,
                        "rbacRole": null,
                        "childrens": {
                            "storage": [],
                            "__class": "YPHP\\Storage\\EntityStorage"
                        },
                        "parent": {
                            "id": "-1",
                            "__class": "YPHP\\Entity"
                        },
                        "name": "Trần Ngọc Sơn",
                        "status": {
                            "value": "NEUTRAL"
                        },
                        "note": "",
                        "dateCreated": {
                            "date": "2020-11-24 15:23:31.196215",
                            "timezone_type": 3,
                            "timezone": "UTC"
                        },
                        "ref": "",
                        "id": "5fbd256e2b3e8",
                        "__class": "Identimo\\User"
                    },
                    "like": 0,
                    "unLike": 0,
                    "replys": null,
                    "childrens": {
                        "storage": [
                            {
                                "content": "Chào anh !<br \/>Dạ nếu máy anh có màn hình đẹp, thân máy không trầy lõm thì giá thu lại khoảng 4.500.000đ, bù thêm khoảng 4.990.000đ để mua Galaxy M51 nha anh, tuy nhiên đây chỉ là giá tham khảo, anh vui lòng mang máy ghé siêu thị Thegioididong\/Dienmayxanh gần nhất để được định giá chính xác hơn ạ.<br \/>Thông tin đến anh. ",
                                "isReply": false,
                                "userOwn": {
                                    "username": "",
                                    "password": "",
                                    "email": "",
                                    "phone": "",
                                    "avatar": {
                                        "id": "-1",
                                        "__class": "YPHP\\Model\\Media\\Image",
                                        "stream": null,
                                        "src": null,
                                        "alt": null,
                                        "width": null,
                                        "height": null,
                                        "thumb": null
                                    },
                                    "permission": {
                                        "codes": {
                                            "storage": [],
                                            "__class": "Identimo\\Storage\\PermissionCodeStorage"
                                        },
                                        "childrens": {
                                            "storage": [],
                                            "__class": "Identimo\\Storage\\PermissionStorage"
                                        },
                                        "parent": null,
                                        "name": "",
                                        "status": {
                                            "value": "NEUTRAL"
                                        },
                                        "note": "",
                                        "dateCreated": {
                                            "date": "2020-11-24 15:23:31.196255",
                                            "timezone_type": 3,
                                            "timezone": "UTC"
                                        },
                                        "ref": "",
                                        "id": "-1",
                                        "__class": "Identimo\\Permission"
                                    },
                                    "aclRole": {},
                                    "rbacRole": null,
                                    "childrens": {
                                        "storage": [],
                                        "__class": "YPHP\\Storage\\EntityStorage"
                                    },
                                    "parent": {
                                        "id": "-1",
                                        "__class": "YPHP\\Entity"
                                    },
                                    "name": "Minh Hoàng",
                                    "status": {
                                        "value": "NEUTRAL"
                                    },
                                    "note": "",
                                    "dateCreated": {
                                        "date": "2020-11-24 15:23:31.196247",
                                        "timezone_type": 3,
                                        "timezone": "UTC"
                                    },
                                    "ref": "",
                                    "id": "5fbd256e2b5c1",
                                    "__class": "Identimo\\Staff"
                                },
                                "like": 0,
                                "unLike": 0,
                                "replys": null,
                                "childrens": {
                                    "storage": [],
                                    "__class": "YPHP\\Storage\\EntityStorage"
                                },
                                "parent": {
                                    "id": "-1",
                                    "__class": "YPHP\\Entity"
                                },
                                "name": "",
                                "status": {
                                    "value": "NEUTRAL"
                                },
                                "note": "",
                                "dateCreated": {
                                    "date": "2020-11-24 15:23:31.196237",
                                    "timezone_type": 3,
                                    "timezone": "UTC"
                                },
                                "ref": "",
                                "id": "44275394",
                                "__class": "Societymo\\Comment"
                            }
                        ],
                        "__class": "YPHP\\Storage\\EntityStorage"
                    },
                    "parent": {
                        "id": "-1",
                        "__class": "YPHP\\Entity"
                    },
                    "name": "",
                    "status": {
                        "value": "NEUTRAL"
                    },
                    "note": "",
                    "dateCreated": {
                        "date": "2020-11-24 15:23:31.196207",
                        "timezone_type": 3,
                        "timezone": "UTC"
                    },
                    "ref": "",
                    "id": "44275377",
                    "__class": "Societymo\\Comment"
                },
                {
                    "content": " Tgdd huyện Trà Cú, tỉnh Trà Vinh có m51 k ah",
                    "isReply": false,
                    "userOwn": {
                        "username": "",
                        "password": "",
                        "email": "",
                        "phone": "",
                        "avatar": {
                            "id": "-1",
                            "__class": "YPHP\\Model\\Media\\Image",
                            "stream": null,
                            "src": null,
                            "alt": null,
                            "width": null,
                            "height": null,
                            "thumb": null
                        },
                        "permission": {
                            "codes": {
                                "storage": [],
                                "__class": "Identimo\\Storage\\PermissionCodeStorage"
                            },
                            "childrens": {
                                "storage": [],
                                "__class": "Identimo\\Storage\\PermissionStorage"
                            },
                            "parent": null,
                            "name": "",
                            "status": {
                                "value": "NEUTRAL"
                            },
                            "note": "",
                            "dateCreated": {
                                "date": "2020-11-24 15:23:31.196287",
                                "timezone_type": 3,
                                "timezone": "UTC"
                            },
                            "ref": "",
                            "id": "-1",
                            "__class": "Identimo\\Permission"
                        },
                        "aclRole": null,
                        "rbacRole": null,
                        "childrens": {
                            "storage": [],
                            "__class": "YPHP\\Storage\\EntityStorage"
                        },
                        "parent": {
                            "id": "-1",
                            "__class": "YPHP\\Entity"
                        },
                        "name": "Thi",
                        "status": {
                            "value": "NEUTRAL"
                        },
                        "note": "",
                        "dateCreated": {
                            "date": "2020-11-24 15:23:31.196278",
                            "timezone_type": 3,
                            "timezone": "UTC"
                        },
                        "ref": "",
                        "id": "5fbd256e2b89c",
                        "__class": "Identimo\\User"
                    },
                    "like": 0,
                    "unLike": 0,
                    "replys": null,
                    "childrens": {
                        "storage": [
                            {
                                "content": "Chào chị,<br \/>Dạ hiện sản phẩm có tại Số 283, đường 3\/2, TT. Trà Cú, H. Trà Cú, T. Trà Vinh <br \/> Điện Máy Xanh 186 Đường 3\/2, Thị Trấn Trà Cú , Huyện Trà Cú , Tỉnh Trà Vinh chị nha. Chị có thể để lại số điện thoại để bên em hỗ trợ đặt giữ hàng giúp mình chị nha.<br \/>Thông tin đến chị.",
                                "isReply": false,
                                "userOwn": {
                                    "username": "",
                                    "password": "",
                                    "email": "",
                                    "phone": "",
                                    "avatar": {
                                        "id": "-1",
                                        "__class": "YPHP\\Model\\Media\\Image",
                                        "stream": null,
                                        "src": null,
                                        "alt": null,
                                        "width": null,
                                        "height": null,
                                        "thumb": null
                                    },
                                    "permission": {
                                        "codes": {
                                            "storage": [],
                                            "__class": "Identimo\\Storage\\PermissionCodeStorage"
                                        },
                                        "childrens": {
                                            "storage": [],
                                            "__class": "Identimo\\Storage\\PermissionStorage"
                                        },
                                        "parent": null,
                                        "name": "",
                                        "status": {
                                            "value": "NEUTRAL"
                                        },
                                        "note": "",
                                        "dateCreated": {
                                            "date": "2020-11-24 15:23:31.196321",
                                            "timezone_type": 3,
                                            "timezone": "UTC"
                                        },
                                        "ref": "",
                                        "id": "-1",
                                        "__class": "Identimo\\Permission"
                                    },
                                    "aclRole": {},
                                    "rbacRole": null,
                                    "childrens": {
                                        "storage": [],
                                        "__class": "YPHP\\Storage\\EntityStorage"
                                    },
                                    "parent": {
                                        "id": "-1",
                                        "__class": "YPHP\\Entity"
                                    },
                                    "name": "Phi Phụng",
                                    "status": {
                                        "value": "NEUTRAL"
                                    },
                                    "note": "",
                                    "dateCreated": {
                                        "date": "2020-11-24 15:23:31.196312",
                                        "timezone_type": 3,
                                        "timezone": "UTC"
                                    },
                                    "ref": "",
                                    "id": "5fbd256e2ba78",
                                    "__class": "Identimo\\Staff"
                                },
                                "like": 0,
                                "unLike": 0,
                                "replys": null,
                                "childrens": {
                                    "storage": [],
                                    "__class": "YPHP\\Storage\\EntityStorage"
                                },
                                "parent": {
                                    "id": "-1",
                                    "__class": "YPHP\\Entity"
                                },
                                "name": "",
                                "status": {
                                    "value": "NEUTRAL"
                                },
                                "note": "",
                                "dateCreated": {
                                    "date": "2020-11-24 15:23:31.196300",
                                    "timezone_type": 3,
                                    "timezone": "UTC"
                                },
                                "ref": "",
                                "id": "44275322",
                                "__class": "Societymo\\Comment"
                            }
                        ],
                        "__class": "YPHP\\Storage\\EntityStorage"
                    },
                    "parent": {
                        "id": "-1",
                        "__class": "YPHP\\Entity"
                    },
                    "name": "",
                    "status": {
                        "value": "NEUTRAL"
                    },
                    "note": "",
                    "dateCreated": {
                        "date": "2020-11-24 15:23:31.196270",
                        "timezone_type": 3,
                        "timezone": "UTC"
                    },
                    "ref": "",
                    "id": "44275313",
                    "__class": "Societymo\\Comment"
                },
                {
                    "content": " Mình đang dùng A50s vậy đổi M51 là bao nhiêu ạ",
                    "isReply": false,
                    "userOwn": {
                        "username": "",
                        "password": "",
                        "email": "",
                        "phone": "",
                        "avatar": {
                            "id": "-1",
                            "__class": "YPHP\\Model\\Media\\Image",
                            "stream": null,
                            "src": null,
                            "alt": null,
                            "width": null,
                            "height": null,
                            "thumb": null
                        },
                        "permission": {
                            "codes": {
                                "storage": [],
                                "__class": "Identimo\\Storage\\PermissionCodeStorage"
                            },
                            "childrens": {
                                "storage": [],
                                "__class": "Identimo\\Storage\\PermissionStorage"
                            },
                            "parent": null,
                            "name": "",
                            "status": {
                                "value": "NEUTRAL"
                            },
                            "note": "",
                            "dateCreated": {
                                "date": "2020-11-24 15:23:31.196353",
                                "timezone_type": 3,
                                "timezone": "UTC"
                            },
                            "ref": "",
                            "id": "-1",
                            "__class": "Identimo\\Permission"
                        },
                        "aclRole": null,
                        "rbacRole": null,
                        "childrens": {
                            "storage": [],
                            "__class": "YPHP\\Storage\\EntityStorage"
                        },
                        "parent": {
                            "id": "-1",
                            "__class": "YPHP\\Entity"
                        },
                        "name": "Dương Thị Diễm",
                        "status": {
                            "value": "NEUTRAL"
                        },
                        "note": "",
                        "dateCreated": {
                            "date": "2020-11-24 15:23:31.196344",
                            "timezone_type": 3,
                            "timezone": "UTC"
                        },
                        "ref": "",
                        "id": "5fbd256e2bdac",
                        "__class": "Identimo\\User"
                    },
                    "like": 0,
                    "unLike": 0,
                    "replys": null,
                    "childrens": {
                        "storage": [
                            {
                                "content": "<div class=\"conticon\"><div class=\"content_s\"> Chào chị,<br \/>Dạ bên em thu lại máy với tình trạng Màn hình đẹp hoạt động tốt và không bị vỡ, giá thu lại khoảng 3.200.000₫ cần bù 6.290.000₫ chị nha. Tuy nhiên, nếu sản phẩm mình mua mới tại Thegioididong.com hoặc Dienmayxanh.com, còn bảo hành, không bị trầy xước cấn móp, ngấm chất lỏng, còn giữ nguyên tình trạng ban đầu, không bị lỗi do người dùng, còn đủ phụ kiện và khuyến mãi kèm theo thì bên em có chính sách thu mua với giá 80% giá sản phẩm trên hóa đơn (trong tháng đầu tiên, các tháng sau mỗi ... <span class=\"seeMore\" onclick=\"expandCmtChild(44275144);\">Xem tiếp ▾ <\/span><\/div><\/div><div class=\"content hide\">Chào chị,<br \/>Dạ bên em thu lại máy với tình trạng Màn hình đẹp hoạt động tốt và không bị vỡ, giá thu lại khoảng 3.200.000₫ cần bù 6.290.000₫ chị nha. Tuy nhiên, nếu sản phẩm mình mua mới tại Thegioididong.com hoặc Dienmayxanh.com, còn bảo hành, không bị trầy xước cấn móp, ngấm chất lỏng, còn giữ nguyên tình trạng ban đầu, không bị lỗi do người dùng, còn đủ phụ kiện và khuyến mãi kèm theo thì bên em có chính sách thu mua với giá 80% giá sản phẩm trên hóa đơn (trong tháng đầu tiên, các tháng sau mỗi tháng cộng thêm 5% phí) chị nhé, chị có thể vui lòng cung cấp số điện thoại mua hàng sản phẩm (không che số) để bên em hỗ trợ kiểm tra giúp chị ạ<br \/>Mong nhận phản hồi từ chị.<\/div>",
                                "isReply": false,
                                "userOwn": {
                                    "username": "",
                                    "password": "",
                                    "email": "",
                                    "phone": "",
                                    "avatar": {
                                        "id": "-1",
                                        "__class": "YPHP\\Model\\Media\\Image",
                                        "stream": null,
                                        "src": null,
                                        "alt": null,
                                        "width": null,
                                        "height": null,
                                        "thumb": null
                                    },
                                    "permission": {
                                        "codes": {
                                            "storage": [],
                                            "__class": "Identimo\\Storage\\PermissionCodeStorage"
                                        },
                                        "childrens": {
                                            "storage": [],
                                            "__class": "Identimo\\Storage\\PermissionStorage"
                                        },
                                        "parent": null,
                                        "name": "",
                                        "status": {
                                            "value": "NEUTRAL"
                                        },
                                        "note": "",
                                        "dateCreated": {
                                            "date": "2020-11-24 15:23:31.196423",
                                            "timezone_type": 3,
                                            "timezone": "UTC"
                                        },
                                        "ref": "",
                                        "id": "-1",
                                        "__class": "Identimo\\Permission"
                                    },
                                    "aclRole": {},
                                    "rbacRole": null,
                                    "childrens": {
                                        "storage": [],
                                        "__class": "YPHP\\Storage\\EntityStorage"
                                    },
                                    "parent": {
                                        "id": "-1",
                                        "__class": "YPHP\\Entity"
                                    },
                                    "name": "Nguyễn Tấn Phong",
                                    "status": {
                                        "value": "NEUTRAL"
                                    },
                                    "note": "",
                                    "dateCreated": {
                                        "date": "2020-11-24 15:23:31.196412",
                                        "timezone_type": 3,
                                        "timezone": "UTC"
                                    },
                                    "ref": "",
                                    "id": "5fbd256e2c07a",
                                    "__class": "Identimo\\Staff"
                                },
                                "like": 0,
                                "unLike": 0,
                                "replys": null,
                                "childrens": {
                                    "storage": [],
                                    "__class": "YPHP\\Storage\\EntityStorage"
                                },
                                "parent": {
                                    "id": "-1",
                                    "__class": "YPHP\\Entity"
                                },
                                "name": "",
                                "status": {
                                    "value": "NEUTRAL"
                                },
                                "note": "",
                                "dateCreated": {
                                    "date": "2020-11-24 15:23:31.196396",
                                    "timezone_type": 3,
                                    "timezone": "UTC"
                                },
                                "ref": "",
                                "id": "44275144",
                                "__class": "Societymo\\Comment"
                            }
                        ],
                        "__class": "YPHP\\Storage\\EntityStorage"
                    },
                    "parent": {
                        "id": "-1",
                        "__class": "YPHP\\Entity"
                    },
                    "name": "",
                    "status": {
                        "value": "NEUTRAL"
                    },
                    "note": "",
                    "dateCreated": {
                        "date": "2020-11-24 15:23:31.196336",
                        "timezone_type": 3,
                        "timezone": "UTC"
                    },
                    "ref": "",
                    "id": "44274985",
                    "__class": "Societymo\\Comment"
                },
                {
                    "content": " TGDD cho hỏi có màn hình của M51 để thay ko vậy",
                    "isReply": false,
                    "userOwn": {
                        "username": "",
                        "password": "",
                        "email": "",
                        "phone": "",
                        "avatar": {
                            "id": "-1",
                            "__class": "YPHP\\Model\\Media\\Image",
                            "stream": null,
                            "src": null,
                            "alt": null,
                            "width": null,
                            "height": null,
                            "thumb": null
                        },
                        "permission": {
                            "codes": {
                                "storage": [],
                                "__class": "Identimo\\Storage\\PermissionCodeStorage"
                            },
                            "childrens": {
                                "storage": [],
                                "__class": "Identimo\\Storage\\PermissionStorage"
                            },
                            "parent": null,
                            "name": "",
                            "status": {
                                "value": "NEUTRAL"
                            },
                            "note": "",
                            "dateCreated": {
                                "date": "2020-11-24 15:23:31.196457",
                                "timezone_type": 3,
                                "timezone": "UTC"
                            },
                            "ref": "",
                            "id": "-1",
                            "__class": "Identimo\\Permission"
                        },
                        "aclRole": null,
                        "rbacRole": null,
                        "childrens": {
                            "storage": [],
                            "__class": "YPHP\\Storage\\EntityStorage"
                        },
                        "parent": {
                            "id": "-1",
                            "__class": "YPHP\\Entity"
                        },
                        "name": "Nguyen Van Cuong",
                        "status": {
                            "value": "NEUTRAL"
                        },
                        "note": "",
                        "dateCreated": {
                            "date": "2020-11-24 15:23:31.196448",
                            "timezone_type": 3,
                            "timezone": "UTC"
                        },
                        "ref": "",
                        "id": "5fbd256e2c399",
                        "__class": "Identimo\\User"
                    },
                    "like": 0,
                    "unLike": 0,
                    "replys": null,
                    "childrens": {
                        "storage": [
                            {
                                "content": "Chào anh.<br \/>Trường hợp này nếu mua sản phẩm tại siêu thị bên em thì mình vui lòng ghé siêu thị gần nhất để bên em kiểm tra, chuyển hãng hỗ trợ và báo giá cho anh sau nhé.<br \/>Thông tin đến anh. ",
                                "isReply": false,
                                "userOwn": {
                                    "username": "",
                                    "password": "",
                                    "email": "",
                                    "phone": "",
                                    "avatar": {
                                        "id": "-1",
                                        "__class": "YPHP\\Model\\Media\\Image",
                                        "stream": null,
                                        "src": null,
                                        "alt": null,
                                        "width": null,
                                        "height": null,
                                        "thumb": null
                                    },
                                    "permission": {
                                        "codes": {
                                            "storage": [],
                                            "__class": "Identimo\\Storage\\PermissionCodeStorage"
                                        },
                                        "childrens": {
                                            "storage": [],
                                            "__class": "Identimo\\Storage\\PermissionStorage"
                                        },
                                        "parent": null,
                                        "name": "",
                                        "status": {
                                            "value": "NEUTRAL"
                                        },
                                        "note": "",
                                        "dateCreated": {
                                            "date": "2020-11-24 15:23:31.196490",
                                            "timezone_type": 3,
                                            "timezone": "UTC"
                                        },
                                        "ref": "",
                                        "id": "-1",
                                        "__class": "Identimo\\Permission"
                                    },
                                    "aclRole": {},
                                    "rbacRole": null,
                                    "childrens": {
                                        "storage": [],
                                        "__class": "YPHP\\Storage\\EntityStorage"
                                    },
                                    "parent": {
                                        "id": "-1",
                                        "__class": "YPHP\\Entity"
                                    },
                                    "name": "Ngọc Thiện",
                                    "status": {
                                        "value": "NEUTRAL"
                                    },
                                    "note": "",
                                    "dateCreated": {
                                        "date": "2020-11-24 15:23:31.196482",
                                        "timezone_type": 3,
                                        "timezone": "UTC"
                                    },
                                    "ref": "",
                                    "id": "5fbd256e2c57e",
                                    "__class": "Identimo\\Staff"
                                },
                                "like": 0,
                                "unLike": 0,
                                "replys": null,
                                "childrens": {
                                    "storage": [],
                                    "__class": "YPHP\\Storage\\EntityStorage"
                                },
                                "parent": {
                                    "id": "-1",
                                    "__class": "YPHP\\Entity"
                                },
                                "name": "",
                                "status": {
                                    "value": "NEUTRAL"
                                },
                                "note": "",
                                "dateCreated": {
                                    "date": "2020-11-24 15:23:31.196470",
                                    "timezone_type": 3,
                                    "timezone": "UTC"
                                },
                                "ref": "",
                                "id": "44274783",
                                "__class": "Societymo\\Comment"
                            }
                        ],
                        "__class": "YPHP\\Storage\\EntityStorage"
                    },
                    "parent": {
                        "id": "-1",
                        "__class": "YPHP\\Entity"
                    },
                    "name": "",
                    "status": {
                        "value": "NEUTRAL"
                    },
                    "note": "",
                    "dateCreated": {
                        "date": "2020-11-24 15:23:31.196440",
                        "timezone_type": 3,
                        "timezone": "UTC"
                    },
                    "ref": "",
                    "id": "44274779",
                    "__class": "Societymo\\Comment"
                },
                {
                    "content": " Ad cho em hỏi máy m51 xuất xứ ở đâu ạ",
                    "isReply": false,
                    "userOwn": {
                        "username": "",
                        "password": "",
                        "email": "",
                        "phone": "",
                        "avatar": {
                            "id": "-1",
                            "__class": "YPHP\\Model\\Media\\Image",
                            "stream": null,
                            "src": null,
                            "alt": null,
                            "width": null,
                            "height": null,
                            "thumb": null
                        },
                        "permission": {
                            "codes": {
                                "storage": [],
                                "__class": "Identimo\\Storage\\PermissionCodeStorage"
                            },
                            "childrens": {
                                "storage": [],
                                "__class": "Identimo\\Storage\\PermissionStorage"
                            },
                            "parent": null,
                            "name": "",
                            "status": {
                                "value": "NEUTRAL"
                            },
                            "note": "",
                            "dateCreated": {
                                "date": "2020-11-24 15:23:31.196524",
                                "timezone_type": 3,
                                "timezone": "UTC"
                            },
                            "ref": "",
                            "id": "-1",
                            "__class": "Identimo\\Permission"
                        },
                        "aclRole": null,
                        "rbacRole": null,
                        "childrens": {
                            "storage": [],
                            "__class": "YPHP\\Storage\\EntityStorage"
                        },
                        "parent": {
                            "id": "-1",
                            "__class": "YPHP\\Entity"
                        },
                        "name": "Khánh",
                        "status": {
                            "value": "NEUTRAL"
                        },
                        "note": "",
                        "dateCreated": {
                            "date": "2020-11-24 15:23:31.196516",
                            "timezone_type": 3,
                            "timezone": "UTC"
                        },
                        "ref": "",
                        "id": "5fbd256e2c89e",
                        "__class": "Identimo\\User"
                    },
                    "like": 0,
                    "unLike": 0,
                    "replys": null,
                    "childrens": {
                        "storage": [
                            {
                                "content": "Chào anh,<br \/>Dạ thương hiệu này xuất xứ từ Hàn Quốc anh nha<br \/>Chia sẻ cùng anh.",
                                "isReply": false,
                                "userOwn": {
                                    "username": "",
                                    "password": "",
                                    "email": "",
                                    "phone": "",
                                    "avatar": {
                                        "id": "-1",
                                        "__class": "YPHP\\Model\\Media\\Image",
                                        "stream": null,
                                        "src": null,
                                        "alt": null,
                                        "width": null,
                                        "height": null,
                                        "thumb": null
                                    },
                                    "permission": {
                                        "codes": {
                                            "storage": [],
                                            "__class": "Identimo\\Storage\\PermissionCodeStorage"
                                        },
                                        "childrens": {
                                            "storage": [],
                                            "__class": "Identimo\\Storage\\PermissionStorage"
                                        },
                                        "parent": null,
                                        "name": "",
                                        "status": {
                                            "value": "NEUTRAL"
                                        },
                                        "note": "",
                                        "dateCreated": {
                                            "date": "2020-11-24 15:23:31.196555",
                                            "timezone_type": 3,
                                            "timezone": "UTC"
                                        },
                                        "ref": "",
                                        "id": "-1",
                                        "__class": "Identimo\\Permission"
                                    },
                                    "aclRole": {},
                                    "rbacRole": null,
                                    "childrens": {
                                        "storage": [],
                                        "__class": "YPHP\\Storage\\EntityStorage"
                                    },
                                    "parent": {
                                        "id": "-1",
                                        "__class": "YPHP\\Entity"
                                    },
                                    "name": "Nguyễn Tấn Phong",
                                    "status": {
                                        "value": "NEUTRAL"
                                    },
                                    "note": "",
                                    "dateCreated": {
                                        "date": "2020-11-24 15:23:31.196547",
                                        "timezone_type": 3,
                                        "timezone": "UTC"
                                    },
                                    "ref": "",
                                    "id": "5fbd256e2cac3",
                                    "__class": "Identimo\\Staff"
                                },
                                "like": 0,
                                "unLike": 0,
                                "replys": null,
                                "childrens": {
                                    "storage": [],
                                    "__class": "YPHP\\Storage\\EntityStorage"
                                },
                                "parent": {
                                    "id": "-1",
                                    "__class": "YPHP\\Entity"
                                },
                                "name": "",
                                "status": {
                                    "value": "NEUTRAL"
                                },
                                "note": "",
                                "dateCreated": {
                                    "date": "2020-11-24 15:23:31.196539",
                                    "timezone_type": 3,
                                    "timezone": "UTC"
                                },
                                "ref": "",
                                "id": "44274553",
                                "__class": "Societymo\\Comment"
                            }
                        ],
                        "__class": "YPHP\\Storage\\EntityStorage"
                    },
                    "parent": {
                        "id": "-1",
                        "__class": "YPHP\\Entity"
                    },
                    "name": "",
                    "status": {
                        "value": "NEUTRAL"
                    },
                    "note": "",
                    "dateCreated": {
                        "date": "2020-11-24 15:23:31.196508",
                        "timezone_type": 3,
                        "timezone": "UTC"
                    },
                    "ref": "",
                    "id": "44274516",
                    "__class": "Societymo\\Comment"
                }
            ],
            "__class": "Societymo\\Storage\\CommentStorage"
        }
    },
    "video": null,
    "image360": null,
    "combos": null,
    "characteristics": null,
    "article": {
        "title": null,
        "content": null,
        "countComment": null,
        "logo": null,
        "communication": null,
        "id": "5fbd256e1fddb",
        "__class": "Societymo\\ArticleXX",
        "userOwn": null,
        "dirFileContent": null
    },
    "newsList": {
        "id": "5fbd256e25a5e",
        "__class": "Societymo\\NewsList",
        "articles": null
    },
    "accessories": null,
    "phoneParameter": {
        "html": "<li class=\"p217536 g6459_79_77\"><span>Màn hình:<\/span><div><a href='https:\/\/www.thegioididong.com\/hoi-dap\/man-hinh-super-amoled-plus-la-gi-905774' target='_blank'>Super AMOLED Plus<\/a>, 6.7\", <a href='https:\/\/www.thegioididong.com\/tin-tuc\/do-phan-giai-man-hinh-qhd-hd-fullhd-2k-4k-la-gi--592178#fullhd' target='_blank'>Full HD+<\/a><\/div><\/li><li class=\"p217536 g72\"><span>Hệ điều hành:<\/span><div><a href='https:\/\/www.thegioididong.com\/hoi-dap\/android-10-android-q-la-gi-co-gi-moi-1237224' target='_blank'>Android 10<\/a><\/div><\/li><li class=\"p217536 g27\"><span>Camera sau:<\/span><div>Chính 64 MP & Phụ 12 MP, 5 MP, 5 MP<\/div><\/li><li class=\"p217536 g29\"><span>Camera trước:<\/span><div>32 MP<\/div><\/li><li class=\"p217536 g6059\"><span>CPU:<\/span><div><a href='https:\/\/www.thegioididong.com\/hoi-dap\/tim-hieu-chip-qualcomm-snapdragon-730-1174819' target='_blank'>Snapdragon 730 8 nhân<\/a><\/div><\/li><li class=\"p217536 g50\"><span><a href=\"https:\/\/www.thegioididong.com\/hoi-dap\/ram-la-gi-co-y-nghia-gi-trong-cac-thiet-bi-dien-t-1216259\" target=\"_blank\">RAM:<\/a><\/span><div>8 GB<\/div><\/li><li class=\"p217536 g49\"><span>Bộ nhớ trong:<\/span><div>128 GB<\/div><\/li><li class=\"p217536 g52\"><span>Thẻ nhớ:<\/span><div><a href='https:\/\/www.thegioididong.com\/the-nho-dien-thoai' target='_blank'>MicroSD, hỗ trợ tối đa 512 GB<\/a><\/div><\/li><li class=\"g6339_6463\"><span>Thẻ SIM:<\/span><div class=\"isim\"><a href='https:\/\/www.thegioididong.com\/tin-tuc\/tim-hieu-cac-loai-sim-thong-dung-sim-thuong-micro--590216#nanosim' target='_blank'>2 Nano SIM<\/a>, <a href='https:\/\/www.thegioididong.com\/hoi-dap\/4g-la-gi-731757' target='_blank'>Hỗ trợ 4G<\/a><\/div><div class=\"ibsim hide\"><b class=\"h\">HOT<\/b><a href=\"https:\/\/www.thegioididong.com\/sim-so-dep\/vietnamobile?t=59\">SIM VNMB Siêu sim (5GB\/ngày)<\/a><\/div><\/li><li class=\"p217536 g84_10882\"><span>Dung lượng pin:<\/span><div>7000 mAh, có sạc nhanh<\/div><\/li>"
    },
    "imageRepresent": null,
    "videos": null,
    "cameraImageRepresent": null
}